Фамилия;Имя;Отчество;Пол
Александров;Александр;Александрович;MALE
Алексеев;Алексей;Алексеевич;MALE
Андреев;Анатолий;Анатольевич;MALE
Афанасьев;Андрей;Андреевич;MALE
Баранов;Антон;Антонович;MALE
Белов;Аркадий;Аркадьевич;MALE
Блинов;Арсений;Артемович;MALE
Богданов;Артём;Артурович;MALE
Васильев;Артур;Богданович;MALE
Виноградов;Борис;Борисович;MALE
Владимиров;Вадим;Вадимович;MALE
Власов;Валентин;Валентинович;MALE
Волков;Валерий;Валерьевич;MALE
Воробьёв;Василий;Васильевич;MALE
Голубев;Виктор;Викторович;MALE
Григорьев;Виталий;Витальевич;MALE
Гусев;Владимир;Владимирович;MALE
Данилов;Владислав;Владиславович;MALE
Дорофеев;Вячеслав;Вячеславович;MALE
Егоров;Геннадий;Геннадьевич;MALE
Ефимов;Георгий;Георгиевич;MALE
Жуков;Глеб;Глебович;MALE
Зайцев;Григорий;Григорьевич;MALE
Зорин;Давид;Данилович;MALE
Иванов;Даниил;Денисович;MALE
Ильин;Денис;Дмитриевич;MALE
Калинин;Дмитрий;Евгеньевич;MALE
Кириллов;Евгений;Егорович;MALE
Ковалёв;Егор;Ефимович;MALE
Козлов;Захар;Захарович;MALE
Колесников;Иван;Иванович;MALE
Комаров;Игнат;Игнатьевич;MALE
Коновалов;Игорь;Игоревич;MALE
Крылов;Илья;Ильич;MALE
Кузнецов;Кирилл;Кириллович;MALE
Кузьмин;Константин;Константинович;MALE
Лазарев;Лев;Леонидович;MALE
Лебедев;Леонид;Львович;MALE
Львов;Макар;Макарович;MALE
Макаров;Максим;Максимович;MALE
Максимов;Марк;Матвеевич;MALE
Марков;Матвей;Михайлович;MALE
Медведев;Михаил;Никитич;MALE
Михайлов;Никита;Николаевич;MALE
Морозов;Николай;Олегович;MALE
Назаров;Олег;Павлович;MALE
Никитин;Павел;Петрович;MALE
Николаев;Пётр;Робертович;MALE
Новиков;Роман;Романович;MALE
Орлов;Руслан;Русланович;MALE
Осипов;Семён;Савельевич;MALE
Павлов;Сергей;Семенович;MALE
Петров;Станислав;Сергеевич;MALE
Поляков;Степан;Станиславович;MALE
Попов;Тарас;Степанович;MALE
Романов;Тимофей;Тарасович;MALE
Рыбаков;Тимур;Тимофеевич;MALE
Савельев;Фёдор;Тимурович;MALE
Семёнов;Филипп;Федорович;MALE
Сергеев;Эдуард;Филиппович;MALE
Смирнов;Эльдар;Эдуардович;MALE
Соколов;Юрий;Юрьевич;MALE
Соловьёв;Ярослав;Яковлевич;MALE
Сорокин;Ян;Ярославович;MALE
Степанов;Богдан;Александровна;MALE
Иванова;София;Алексеевна;FEMALE
Петрова;Анна;Анатольевна;FEMALE
Сидорова;Мария;Андреевна;FEMALE
Смирнова;Алиса;Антоновна;FEMALE
Кузнецова;Виктория;Аркадьевна;FEMALE
Попова;Полина;Артемовна;FEMALE
Васильева;Александра;Артуровна;FEMALE
Фёдорова;Дарья;Богдановна;FEMALE
Новикова;Ксения;Борисовна;FEMALE
Морозова;Варвара;Вадимовна;FEMALE
Волкова;Елизавета;Валентиновна;FEMALE
Алексеева;Арина;Валерьевна;FEMALE
Лебедева;Анастасия;Васильевна;FEMALE
Семёнова;Василиса;Викторовна;FEMALE
Егорова;Милана;Витальевна;FEMALE
Павлова;Ульяна;Владимировна;FEMALE
Козлова;Вероника;Владиславовна;FEMALE
Степанова;Алина;Вячеславовна;FEMALE
Николаева;Маргарита;Геннадьевна;FEMALE
Орлова;Мирослава;Георгиевна;FEMALE
Андреева;Злата;Глебовна;FEMALE
Макарова;Ева;Григорьевна;FEMALE
Никитина;Майя;Даниловна;FEMALE
Захарова;Лилия;Денисовна;FEMALE
Зайцева;Яна;Дмитриевна;FEMALE
Соловьёва;Элина;Евгеньевна;FEMALE
Борисова;Алёна;Егоровна;FEMALE
Яковлева;Диана;Ефимовна;FEMALE
Григорьева;Юлия;Захаровна;FEMALE
Романова;Камилла;Ивановна;FEMALE
Воробьёва;Ангелина;Игнатьевна;FEMALE
Сергеева;Валерия;Игоревна;FEMALE
Киселёва;Кристина;Ильинична;FEMALE
Максимова;Есения;Кирилловна;FEMALE
Полякова;Татьяна;Константиновна;FEMALE
Виноградова;Ольга;Леонидовна;FEMALE
Богданова;Екатерина;Львовна;FEMALE
Власова;Наталья;Макаровна;FEMALE
Константинова;Ирина;Максимовна;FEMALE
Королёва;Светлана;Матвеевна;FEMALE
Тихонова;Людмила;Михайловна;FEMALE
Белова;Галина;Никитична;FEMALE
Медведева;Любовь;Николаевна;FEMALE
Антонова;Надежда;Олеговна;FEMALE
Тимченко;Вера;Павловна;FEMALE
Данилова;Оксана;Петровна;FEMALE
Жукова;Лариса;Робертовна;FEMALE
Фролова;Тамара;Родионовна;FEMALE
Одинцова;Валентина;Романовна;FEMALE
Комарова;Евгения;Руслановна;FEMALE
Наумова;Марина;Савельевна;FEMALE
Широкова;Алла;Семеновна;FEMALE
Прокофьева;Инна;Сергеевна;FEMALE
Ершова;Римма;Станиславовна;FEMALE
Гусева;Регина;Степановна;FEMALE
Титова;Жанна;Тарасовна;FEMALE
Ушакова;Эльвира;Тимофеевна;FEMALE
Чернова;Агата;Тимуровна;FEMALE
Щербакова;Анфиса;Федоровна;FEMALE
Блинова;Альбина;Филипповна;FEMALE
Кудрявцева;Елена;Эдуардовна;FEMALE
Ларина;Илона;Юрьевна;FEMALE
Савельева;Любава;Яковлевна;FEMALE
;;;
